id,name,type,typecode,address,location,tel,pcode,pname,citycode,cityname,adcode,adname,gridcode,distance,business_area,timestamp,biz_ext,行业大类,行业中类,行业小类,Unnamed: 21,X,Y,wgs84_经度,wgs84_纬度
24e20eed-8f5e-32cb-bb50-f632c183aab0,八卦洲服务区,道路附属设施;服务区;高速服务区,180300,栖霞区,"118.833922,32.174184",[],320000,江苏省,25,南京市,320113,栖霞区,4818260622,387,江北新区,2023-05-26 09:14:00,"{'rating': [], 'cost': []}",道路附属设施,服务区,高速服务区,,118.833922,32.174184,118.82880257088604,32.17634775639401
914c5841-c014-3f24-ac98-a0bbadcb979e,八卦洲服务区,道路附属设施;服务区;高速服务区,180300,栖霞区,"118.831875,32.173376",[],320000,江苏省,25,南京市,320113,栖霞区,4818261601,338,江北新区,2023-05-27 04:03:00,"{'rating': [], 'cost': []}",道路附属设施,服务区,高速服务区,,118.831875,32.173376,118.82675130266335,32.17553578822675
6150a582-ffdb-3246-8e0f-595012b0fa2d,加油站,道路附属设施;服务区;高速加油站服务区,180301,浦口区,"118.505847,32.040192",[],320000,江苏省,25,南京市,320111,浦口区,4818044021,877,江北新区,2023-05-27 03:31:00,"{'rating': '4.5', 'cost': []}",道路附属设施,服务区,高速加油站服务区,,118.505847,32.040192,118.50063043295842,32.04224658237656
5e657f25-ebbc-3c09-af04-bc77a0d30957,老山服务区,道路附属设施;服务区;高速服务区,180300,浦口区,"118.566724,32.112517",[],320000,江苏省,25,南京市,320111,浦口区,4818143511,1656,江北新区,2023-05-22 08:39:00,"{'rating': [], 'cost': []}",道路附属设施,服务区,高速服务区,,118.566724,32.112517,118.561680821748,32.114731832111964
94e57867-0dc7-3014-8621-7ca8732aa40b,大胜关大桥服务区,道路附属设施;服务区;高速服务区,180300,沪蓉高速,"118.601063,31.987448",[],320000,江苏省,25,南京市,320111,浦口区,4718748810,281,江北新区,2023-05-26 09:33:00,"{'rating': '2.0', 'cost': []}",道路附属设施,服务区,高速服务区,,118.601063,31.987448,118.596059690588,31.98965626426552
1b6e15c0-5220-3e2e-a0df-5d1b18deebb6,翠屏山服务区,道路附属设施;服务区;高速服务区,180300,天元西路168号,"118.796670,31.928885",[],320000,江苏省,25,南京市,320115,江宁区,4718761312,377,开发区,2023-05-26 03:32:00,"{'rating': [], 'cost': []}",道路附属设施,服务区,高速服务区,,118.79667,31.928885,118.79149813196652,31.930930352989904
34c040e2-feb5-3b9e-a214-4c008518dbfb,加油站(建设中),道路附属设施;服务区;高速服务区,180300,浦口区,"118.457098,32.067097",[],320000,江苏省,25,南京市,320111,浦口区,4818038601,1856,江北新区,2023-05-09 09:49:00,"{'rating': '4.1', 'cost': []}",道路附属设施,服务区,高速服务区,,118.457098,32.067097,118.45170847308576,32.0690216839855
13526ca0-a14c-3343-82ce-0151233d63ef,江宁服务区,道路附属设施;服务区;高速服务区,180300,江宁区,"118.919319,31.916855",[],320000,江苏省,25,南京市,320115,江宁区,4718770301,244,[],2023-05-25 21:39:00,"{'rating': [], 'cost': []}",道路附属设施,服务区,高速服务区,,118.919319,31.916855,118.91429918540628,31.919035763465512
f66486dd-5d6e-3a23-8b76-c8dbfa0548ca,江宁服务区,道路附属设施;服务区;高速服务区,180300,科学园格致路宁杭高速,"118.920617,31.917824",[],320000,江苏省,25,南京市,320115,江宁区,4718770301,87,[],2023-05-25 10:05:00,"{'rating': [], 'cost': []}",道路附属设施,服务区,高速服务区,,118.920617,31.917824,118.91559571702554,31.920003916178818
7815adfb-d8c8-3036-871b-df1c805692ee,铁心桥加油站,道路附属设施;服务区;高速服务区,180300,沪蓉高速,"118.745866,31.966952",[],320000,江苏省,25,南京市,320114,雨花台区,4718756902,58,[],2023-05-25 14:13:00,"{'rating': '4.7', 'cost': []}",道路附属设施,服务区,高速服务区,,118.745866,31.966952,118.7406493352271,31.968968685064787
17108d9a-4ca9-3fdc-9d76-6b2210a9822f,清修服务区(建设中),道路附属设施;服务区;高速服务区,180300,江宁区,"118.594198,31.818329",[],320000,江苏省,25,南京市,320115,江宁区,4718548701,234,[],2023-04-06 13:28:00,"{'rating': [], 'cost': []}",道路附属设施,服务区,高速服务区,,118.594198,31.818329,118.5892091605617,31.82050118575873
94ed1c30-27e6-3cee-baca-11ee542af5ce,加油站,道路附属设施;服务区;高速加油站服务区,180301,宁宣高速北服务区,"118.921047,31.743683",[],320000,江苏省,25,南京市,320117,溧水区,4718479302,165,[],2023-05-17 07:08:00,"{'rating': '4.7', 'cost': '7.00'}",道路附属设施,服务区,高速加油站服务区,,118.921047,31.743683,118.91604089383836,31.74583118130754
f0966654-95f7-3df5-89d1-1210d4a06865,溧水东庐山服务区,道路附属设施;服务区;高速服务区,180300,溧水区,"119.148783,31.611531",[],320000,江苏省,25,南京市,320117,溧水区,4719313112,348,[],2023-05-22 14:00:00,"{'rating': [], 'cost': []}",道路附属设施,服务区,高速服务区,,119.148783,31.611531,119.14340067884828,31.6133546987599
7b6b7ec4-6570-3621-88cc-3da1797a152f,溧水东庐山服务区,道路附属设施;服务区;高速服务区,180300,溧水区,"119.150062,31.612793",[],320000,江苏省,25,南京市,320117,溧水区,4719313210,334,[],2023-05-27 04:52:00,"{'rating': [], 'cost': []}",道路附属设施,服务区,高速服务区,,119.150062,31.612793,119.14468206320336,31.614618837692216
e0b1fa20-63fa-3c42-88ab-a06a88eb512d,六合服务区,道路附属设施;服务区;高速服务区,180300,六合区,"118.735089,32.477489",[],320000,江苏省,25,南京市,320116,六合区,4818557802,99,江北新区,2023-05-27 03:44:00,"{'rating': [], 'cost': []}",道路附属设施,服务区,高速服务区,,118.735089,32.477489,118.72982984759082,32.479556056945604
f3bc4633-2b83-31a1-af3c-fdbe5dc3fe6c,龙池服务区,道路附属设施;服务区;高速服务区,180300,六合区,"118.818790,32.303866",[],320000,江苏省,25,南京市,320116,六合区,4818366511,389,江北新区,2023-05-25 09:36:00,"{'rating': [], 'cost': []}",道路附属设施,服务区,高速服务区,,118.81879,32.303866,118.81362643937224,32.30601515644456
5538d657-e907-3898-af12-b8419bc069ae,清修服务区(建设中),道路附属设施;服务区;高速服务区,180300,江宁区,"118.595367,31.817481",[],320000,江苏省,25,南京市,320115,江宁区,4718548701,375,[],2023-04-11 14:16:00,"{'rating': [], 'cost': []}",道路附属设施,服务区,高速服务区,,118.595367,31.817481,118.59037852588082,31.819653181483176
ead1334d-464c-3a8d-8348-a3fade3bb8f3,六合服务区,道路附属设施;服务区;高速服务区,180300,六合区,"118.736965,32.477584",[],320000,江苏省,25,南京市,320116,六合区,4818557802,224,江北新区,2023-05-25 09:28:00,"{'rating': [], 'cost': []}",道路附属设施,服务区,高速服务区,,118.736965,32.477584,118.73170459546743,32.47965002758154
0981b185-5cfe-3957-b753-50095c062f3c,加油站,道路附属设施;服务区;高速加油站服务区,180301,宁宣高速东服务区,"118.921797,31.742559",[],320000,江苏省,25,南京市,320117,溧水区,4718479302,44,[],2023-05-25 11:36:00,"{'rating': '4.6', 'cost': '7.00'}",道路附属设施,服务区,高速加油站服务区,,118.921797,31.742559,118.916790140877,31.74470638345237
0f87f84c-4af9-3a93-ab5b-6ba20987658e,黄栗墅服务区,道路附属设施;服务区;高速服务区,180300,江宁区,"119.030640,32.058357",[],320000,江苏省,25,南京市,320115,江宁区,4819007201,340,[],2023-04-24 11:49:00,"{'rating': [], 'cost': []}",道路附属设施,服务区,高速服务区,,119.03064,32.058357,119.02528048993264,32.06030114683188
102e77e9-35be-3d67-95dc-beb8feee5a14,黄栗墅服务区,道路附属设施;服务区;高速服务区,180300,江宁区,"119.030878,32.056773",[],320000,江苏省,25,南京市,320115,江宁区,4819006221,164,[],2023-04-22 04:22:00,"{'rating': [], 'cost': []}",道路附属设施,服务区,高速服务区,,119.030878,32.056773,119.02551787696996,32.05871616557042
d75af0db-c499-3f65-b9f2-cba8080e203a,铁心桥加油站,道路附属设施;服务区;高速服务区,180300,雨花台区,"118.746873,31.965694",[],320000,江苏省,25,南京市,320114,雨花台区,4718755922,225,铁心桥,2023-05-27 03:31:00,"{'rating': '4.8', 'cost': '7.00'}",道路附属设施,服务区,高速服务区,,118.746873,31.965694,118.74165623673336,31.96771024059717
053d54f2-a2d3-3502-af19-afe68c54eb9b,东环服务区,道路附属设施;服务区;高速服务区,180300,栖霞区,"118.892090,32.039958",[],320000,江苏省,25,南京市,320113,栖霞区,4818074121,354,马群,2023-05-26 03:31:00,"{'rating': [], 'cost': []}",道路附属设施,服务区,高速服务区,,118.89209,32.039958,118.8870676665324,32.04217184590092
cfa3ec55-a381-3a45-878e-bab7f2bd8f3d,方山服务区,道路附属设施;服务区;高速服务区,180300,江宁区,"118.876848,31.929149",[],320000,江苏省,25,南京市,320115,江宁区,4718771010,970,[],2023-05-25 03:37:00,"{'rating': [], 'cost': []}",道路附属设施,服务区,高速服务区,,118.876848,31.929149,118.8718245276431,31.931326663322444
741569ed-bef1-3244-8fd9-a489eab7e635,方山服务区,道路附属设施;服务区;高速服务区,180300,江宁区,"118.873122,31.927047",[],320000,江苏省,25,南京市,320115,江宁区,4718761902,1729,[],2023-05-26 04:17:00,"{'rating': [], 'cost': []}",道路附属设施,服务区,高速服务区,,118.873122,31.927047,118.86809447660204,31.929220267238588
9cfce0af-d358-37ff-8917-402bd1edd665,潘家花园服务区,道路附属设施;道路附属设施;道路附属设施,180000,宁连公路与潘家花园立交交叉口北180米,"118.824339,32.367463",[],320000,江苏省,25,南京市,320116,六合区,4818464502,195,江北新区,2023-03-25 16:13:00,"{'rating': [], 'cost': []}",道路附属设施,道路附属设施,道路附属设施,,118.824339,32.367463,118.81918130800445,32.369622865922715
e949f5e0-b0c2-3820-8bde-e08f6d393dc8,潘家花园服务区,道路附属设施;道路附属设施;道路附属设施,180000,宁连公路附近,"118.827518,32.373881",[],320000,江苏省,25,南京市,320116,六合区,4818464620,757,江北新区,2023-03-27 16:45:00,"{'rating': [], 'cost': []}",道路附属设施,道路附属设施,道路附属设施,,118.827518,32.373881,118.8223665062269,32.376046612848256
9702a2cc-f31e-3485-8176-c2bf5d4ada3c,栖霞山大桥服务区,道路附属设施;服务区;高速服务区,180300,六合区,"118.961822,32.224214",[],320000,江苏省,25,南京市,320116,六合区,4818276622,377,江北新区,2023-04-07 11:54:00,"{'rating': [], 'cost': []}",道路附属设施,服务区,高速服务区,,118.961822,32.224214,118.95668593750216,32.2263854423001
fe9261e5-7777-316b-8c43-25cbf9d5bf4b,金牛湖停车区,道路附属设施;服务区;高速服务区,180300,六合区,"118.880910,32.400844",[],320000,江苏省,25,南京市,320116,六合区,4818478001,902,江北新区,2023-05-24 21:29:00,"{'rating': [], 'cost': []}",道路附属设施,服务区,高速服务区,,118.88091,32.400844,118.87584758837644,32.40308986222172
ce649aaa-d833-3714-983a-45c59c04e4af,金牛湖停车区,道路附属设施;服务区;高速服务区,180300,绕城高速公路金牛湖北收费站西北,"118.879826,32.399618",[],320000,江苏省,25,南京市,320116,六合区,4818477021,916,江北新区,2023-05-23 13:16:00,"{'rating': [], 'cost': []}",道路附属设施,服务区,高速服务区,,118.879826,32.399618,118.874762703052,32.40186301545568
98705236-7521-34ca-99e6-0c57848c89f1,荷叶山服务区,道路附属设施;服务区;高速服务区,180300,江宁区,"118.784669,31.687456",[],320000,江苏省,25,南京市,320115,江宁区,4718462212,474,[],2023-05-26 03:31:00,"{'rating': [], 'cost': []}",道路附属设施,服务区,高速服务区,,118.784669,31.687456,118.77950078116749,31.689445785764534
6f03dafe-36f2-3c59-a772-f813b256fa92,荷叶山服务区,道路附属设施;服务区;高速服务区,180300,江宁区,"118.784635,31.686022",[],320000,江苏省,25,南京市,320115,江宁区,4718462202,498,[],2023-05-26 03:32:00,"{'rating': [], 'cost': []}",道路附属设施,服务区,高速服务区,,118.784635,31.686022,118.77946686601852,31.68801164845264
3d7528f0-0b2a-3e41-824e-5a8a29eb1c3a,乐之庭酒店公寓(南京木马公寓店),道路附属设施;道路附属设施;道路附属设施,180000,洪武路城开大厦2栋25楼2508,"118.787620,32.052010",[],320000,江苏省,25,南京市,320102,玄武区,4818066300,307,南大,2023-05-27 01:19:00,"{'rating': [], 'cost': []}",道路附属设施,道路附属设施,道路附属设施,,118.78762,32.05201,118.78242248221872,32.05407083191138
94d53671-0dc5-3c28-971b-4bf9ee0aa4e6,服务区,道路附属设施;服务区;高速加油站服务区,180301,浦口区,"118.668543,32.054919",[],320000,江苏省,25,南京市,320111,浦口区,4818056311,55,江北新区,2023-05-26 03:32:00,"{'rating': [], 'cost': []}",道路附属设施,服务区,高速加油站服务区,,118.668543,32.054919,118.66343755560747,32.05705727681442
eb20146c-4e98-3167-b9ac-20f1c087ae00,新集收费站(G2503南京绕城高速入口),道路附属设施;收费站;收费站,180200,六合区,"118.754338,32.310353",[],320000,江苏省,25,南京市,320116,六合区,4818367001,340,江北新区,2023-05-25 10:24:00,"{'rating': [], 'cost': []}",道路附属设施,收费站,收费站,,118.754338,32.310353,118.74908902096875,32.3124271573902
d94eefa6-8824-33c4-818e-dcfc64f08ef4,横梁北收费站(G40沪陕高速入口),道路附属设施;收费站;收费站,180200,六合区,"118.975227,32.345135",[],320000,江苏省,25,南京市,320116,六合区,4818471810,189,江北新区,2023-05-05 11:47:00,"{'rating': [], 'cost': []}",道路附属设施,收费站,收费站,,118.975227,32.345135,118.97003682520264,32.3472785851158
17b596f9-cefc-3c72-9fce-7926a3dda83d,湖熟收费站(G25长深高速入口),道路附属设施;收费站;收费站,180200,江宁区,"118.966325,31.860365",[],320000,江苏省,25,南京市,320115,江宁区,4718673700,315,[],2023-04-25 13:21:00,"{'rating': [], 'cost': []}",道路附属设施,收费站,收费站,,118.966325,31.860365,118.96120851937324,31.862451140567632
ed122986-b469-3c23-bfba-25ee3df9b21d,新集收费站(G2503南京绕城高速出口),道路附属设施;收费站;收费站,180200,六合区,"118.754101,32.310381",[],320000,江苏省,25,南京市,320116,六合区,4818367000,357,江北新区,2023-05-25 09:09:00,"{'rating': [], 'cost': []}",道路附属设施,收费站,收费站,,118.754101,32.310381,118.748851987315,32.31245512419936
8adb2538-70ed-36ec-bcb3-99bbda1452ec,沙塘收费站(S55宁宣高速入口),道路附属设施;收费站;收费站,180200,溧水区,"119.000244,31.441446",[],320000,江苏省,25,南京市,320117,溧水区,4719102020,227,[],2022-11-30 12:18:00,"{'rating': [], 'cost': []}",道路附属设施,收费站,收费站,,119.000244,31.441446,118.99504789315,31.4434278358883
9739d0ec-216f-327e-8e6e-a2050ce5cd16,新篁收费站(G25长深高速入口),道路附属设施;收费站;收费站,180200,六合区,"118.937711,32.370524",[],320000,江苏省,25,南京市,320116,六合区,4818474510,541,江北新区,2023-04-23 13:50:00,"{'rating': [], 'cost': []}",道路附属设施,收费站,收费站,,118.937711,32.370524,118.93262207038282,32.37275165138775
572b75ac-9c10-3dec-8dd5-38be36a99026,猫空上海路店,道路附属设施;道路附属设施;道路附属设施,180000,上海路152号(云南路地铁站2号口步行200米),"118.774422,32.057326",[],320000,江苏省,25,南京市,320106,鼓楼区,4818066122,1661,南大,2023-04-13 14:14:00,"{'rating': '3.7', 'cost': []}",道路附属设施,道路附属设施,道路附属设施,,118.774422,32.057326,118.76920790089922,32.05937367952385
b5a86b1f-cb70-3973-b08a-5505f117a6aa,白马收费站(G25长深高速入口),道路附属设施;收费站;收费站,180200,溧水区,"119.182508,31.593724",[],320000,江苏省,25,南京市,320117,溧水区,4719311401,254,[],2022-11-30 11:40:00,"{'rating': [], 'cost': []}",道路附属设施,收费站,收费站,,119.182508,31.593724,119.17719953037596,31.59560992632496
1d8f4b95-a51e-319b-9d35-f69a02b6a39b,溧水北收费站(G25长深高速入口),道路附属设施;收费站;收费站,180200,溧水区,"119.028045,31.732979",[],320000,江苏省,25,南京市,320117,溧水区,4719407220,368,[],2023-03-20 14:31:00,"{'rating': [], 'cost': []}",道路附属设施,收费站,收费站,,119.028045,31.732979,119.02272437709304,31.73486550191415
96755e75-a4b8-3c38-955a-74ead1cc7b10,金牛湖北收费站(G25长深高速出口),道路附属设施;收费站;收费站,180200,六合区,"118.884740,32.397703",[],320000,江苏省,25,南京市,320116,六合区,4818477022,408,江北新区,2023-04-30 13:14:00,"{'rating': [], 'cost': []}",道路附属设施,收费站,收费站,,118.88474,32.397703,118.87968098945365,32.39995205318122
a4253707-d3e8-316e-b28d-cdc32efed4b7,南京机场高速收费站(S55宁宣高速西北向),道路附属设施;收费站;收费站,180200,江宁区,"118.891796,31.760728",[],320000,江苏省,25,南京市,320115,江宁区,4718571101,495,[],2023-05-26 01:03:00,"{'rating': [], 'cost': []}",道路附属设施,收费站,收费站,,118.891796,31.760728,118.88679868126204,31.76288461164073
f0307fdb-c4b8-3cdd-97cc-5d784dbb5b32,花旗营收费站(G40沪陕高速入口西南向),道路附属设施;收费站;收费站,180200,浦口区,"118.649042,32.167623",[],320000,江苏省,25,南京市,320111,浦口区,4818250102,337,江北新区,2023-04-20 14:31:00,"{'rating': [], 'cost': []}",道路附属设施,收费站,收费站,,118.649042,32.167623,118.6439675710696,32.16981940781715
5002a67c-31fe-3088-a58d-27666819017e,溧水北收费站(G25长深高速出口),道路附属设施;收费站;收费站,180200,溧水区,"119.027888,31.733039",[],320000,江苏省,25,南京市,320117,溧水区,4719407220,384,[],2023-04-28 12:47:00,"{'rating': [], 'cost': []}",道路附属设施,收费站,收费站,,119.027888,31.733039,119.02256788474968,31.73492593533428
3c5cd03e-0e5c-322d-ba29-f251194d34d7,溧水开发区收费站(S55宁宣高速出口),道路附属设施;收费站;收费站,180200,溧水区,"119.013553,31.675285",[],320000,江苏省,25,南京市,320117,溧水区,4719401100,410,[],2023-05-02 11:56:00,"{'rating': [], 'cost': []}",道路附属设施,收费站,收费站,,119.013553,31.675285,119.00828739429674,31.67720798846912
260b3533-51cc-3428-82b8-9f06a7c93166,南京二桥收费站(G36宁洛高速西北向),道路附属设施;收费站;收费站,180200,栖霞区,"118.852425,32.137402",[],320000,江苏省,25,南京市,320113,栖霞区,4818166810,301,[],2023-05-25 14:31:00,"{'rating': [], 'cost': []}",道路附属设施,收费站,收费站,,118.852425,32.137402,118.84734612383838,32.13959234353022
34915875-f6e7-3afd-9f9b-922386dc6466,南京二桥收费站(G36宁洛高速南向),道路附属设施;收费站;收费站,180200,栖霞区,"118.851761,32.137153",[],320000,江苏省,25,南京市,320113,栖霞区,4818166810,367,[],2023-02-22 07:40:00,"{'rating': [], 'cost': []}",道路附属设施,收费站,收费站,,118.851761,32.137153,118.8466809120964,32.139342196016784
b815c4e5-1355-3d46-a026-ef2808c537ee,栖霞收费站(G25长深高速入口),道路附属设施;收费站;收费站,180200,栖霞区,"118.956313,32.138077",[],320000,江苏省,25,南京市,320113,栖霞区,4818176611,177,[],2023-04-29 12:33:00,"{'rating': [], 'cost': []}",道路附属设施,收费站,收费站,,118.956313,32.138077,118.95120079384252,32.14024809776806
8790f96d-8972-3c50-87b8-de2fdb480651,宁连主线收费站(G2503南京绕城高速南向),道路附属设施;收费站;收费站,180200,六合区,"118.747713,32.295272",[],320000,江苏省,25,南京市,320116,六合区,4818355912,1654,江北新区,2023-04-07 11:19:00,"{'rating': [], 'cost': []}",道路附属设施,收费站,收费站,,118.747713,32.295272,118.74246549327503,32.29734534969552
b24e90be-9621-3dc8-a59e-125f8dd1023b,溧水东收费站(G25长深高速出口),道路附属设施;收费站;收费站,180200,溧水区,"119.071588,31.670788",[],320000,江苏省,25,南京市,320117,溧水区,4719400512,353,[],2023-02-15 11:26:00,"{'rating': [], 'cost': []}",道路附属设施,收费站,收费站,,119.071588,31.670788,119.06616618735762,31.67258088340594
b1afd347-6f8c-3a3b-9743-69b20f7d622f,浦口收费站(G40沪陕高速入口二桥方向),道路附属设施;收费站;收费站,180200,浦口区,"118.575997,32.120823",[],320000,江苏省,25,南京市,320111,浦口区,4818144610,468,江北新区,2023-05-18 11:31:00,"{'rating': [], 'cost': []}",道路附属设施,收费站,收费站,,118.575997,32.120823,118.57096700894402,32.12305033692675
03435c41-cd1a-368f-8e7b-e180435a2123,金牛湖南收费站(G25长深高速出口),道路附属设施;收费站;收费站,180200,六合区,"118.884574,32.396816",[],320000,江苏省,25,南京市,320116,六合区,4818477012,386,江北新区,2023-05-02 12:51:00,"{'rating': [], 'cost': []}",道路附属设施,收费站,收费站,,118.884574,32.396816,118.87951494955554,32.399064998326914
ee0418b3-f6b4-3b73-97cd-19b180a54e9d,禄口收费站(S55宁宣高速入口西北向),道路附属设施;收费站;收费站,180200,江宁区,"118.858703,31.784536",[],320000,江苏省,25,南京市,320115,江宁区,4718564802,347,[],2023-05-09 12:26:00,"{'rating': [], 'cost': []}",道路附属设施,收费站,收费站,,118.858703,31.784536,118.85366722708264,31.786662300972345
56a7d415-01ec-324f-9f84-72df1c3eb215,竹镇收费站(G25长深高速出口),道路附属设施;收费站;收费站,180200,六合区,"118.721873,32.530885",[],320000,江苏省,25,南京市,320116,六合区,4818653722,318,江北新区,2023-04-29 12:00:00,"{'rating': [], 'cost': []}",道路附属设施,收费站,收费站,,118.721873,32.530885,118.71662166568008,32.53295134998449
d3391034-0f38-3106-8f96-b51f130e87bf,金牛湖南收费站(G25长深高速入口),道路附属设施;收费站;收费站,180200,六合区,"118.884673,32.396945",[],320000,江苏省,25,南京市,320116,六合区,4818477012,381,江北新区,2023-04-30 13:32:00,"{'rating': [], 'cost': []}",道路附属设施,收费站,收费站,,118.884673,32.396945,118.87961401021046,32.39919405922761
78965ff1-7a96-34a1-bfba-be4ac776739e,八卦洲收费站(G36宁洛高速出口),道路附属设施;收费站;收费站,180200,栖霞区,"118.835938,32.173350",[],320000,江苏省,25,南京市,320113,栖霞区,4818260622,365,江北新区,2022-11-30 12:27:00,"{'rating': [], 'cost': []}",道路附属设施,收费站,收费站,,118.835938,32.17335,118.8308229004002,32.17551738150928
03b1f20c-9517-3ecb-a923-26c5021a5d56,栖霞收费站(G25长深高速出口),道路附属设施;收费站;收费站,180200,栖霞区,"118.956155,32.137774",[],320000,江苏省,25,南京市,320113,栖霞区,4818176611,159,[],2023-02-07 21:19:00,"{'rating': [], 'cost': []}",道路附属设施,收费站,收费站,,118.956155,32.137774,118.95104326173777,32.139945401914524
83c93d4d-1ee3-34ce-addd-74440910d422,横梁北收费站(G40沪陕高速出口),道路附属设施;收费站;收费站,180200,六合区,"118.975111,32.345295",[],320000,江苏省,25,南京市,320116,六合区,4818471810,183,江北新区,2023-05-04 13:46:00,"{'rating': [], 'cost': []}",道路附属设施,收费站,收费站,,118.975111,32.345295,118.96992120277532,32.34743890727209
bfa56f9f-eba5-3788-a454-466aedf46424,六合东收费站(G40沪陕高速西南向),道路附属设施;收费站;收费站,180200,六合区,"118.908684,32.340890",[],320000,江苏省,25,南京市,320116,六合区,4818470222,173,江北新区,2023-05-08 13:57:00,"{'rating': [], 'cost': []}",道路附属设施,收费站,收费站,,118.908684,32.34089,118.90363363424278,32.343146025688554
41182f20-4b86-339c-9b62-ee6f742c822e,六合东收费站(G40沪陕高速东北向),道路附属设施;收费站;收费站,180200,六合区,"118.908826,32.340537",[],320000,江苏省,25,南京市,320116,六合区,4818470222,167,江北新区,2023-04-26 12:29:00,"{'rating': [], 'cost': []}",道路附属设施,收费站,收费站,,118.908826,32.340537,118.90377559934586,32.34279298115678
46d8f680-af0c-30f4-a9eb-53c59966cb6b,禄口南收费站(G4221沪武高速出口),道路附属设施;收费站;收费站,180200,江宁区,"118.903368,31.690364",[],320000,江苏省,25,南京市,320115,江宁区,4718472220,453,[],2023-05-26 03:51:00,"{'rating': [], 'cost': []}",道路附属设施,收费站,收费站,,118.903368,31.690364,118.89837819041531,31.692515331993064
a6216483-d03f-3bc7-80cb-4d2907d61877,白马收费站(G25长深高速出口),道路附属设施;收费站;收费站,180200,溧水区,"119.182417,31.593824",[],320000,江苏省,25,南京市,320117,溧水区,4719311401,262,[],2022-11-30 12:35:00,"{'rating': [], 'cost': []}",道路附属设施,收费站,收费站,,119.182417,31.593824,119.177108323965,31.59570975525577
be20956a-3cbb-3121-93c8-bb4bae055db8,高淳新区收费站(S68溧芜高速出口),道路附属设施;收费站;收费站,180200,高淳区,"118.933835,31.382723",[],320000,江苏省,25,南京市,320118,高淳区,4718075422,303,[],2022-11-30 10:38:00,"{'rating': [], 'cost': []}",道路附属设施,收费站,收费站,,118.933835,31.382723,118.92884254384808,31.3848844398018
374b0d06-ed3e-31a8-ae2f-f39f9ee92905,六合南收费站(G40沪陕高速出口八卦洲大桥方向),道路附属设施;收费站;收费站,180200,六合区,"118.732251,32.263497",[],320000,江苏省,25,南京市,320116,六合区,4818351811,243,江北新区,2023-03-12 11:17:00,"{'rating': [], 'cost': []}",道路附属设施,收费站,收费站,,118.732251,32.263497,118.72701404216627,32.26557423965862
bd7981c0-b5ad-3cfa-b48c-58ceaaaad4b5,龙袍收费站(G25长深高速出口),道路附属设施;收费站;收费站,180200,六合区,"118.969091,32.240729",[],320000,江苏省,25,南京市,320116,六合区,4818278721,1713,江北新区,2023-04-27 13:21:00,"{'rating': [], 'cost': []}",道路附属设施,收费站,收费站,,118.969091,32.240729,118.96393080587217,32.24288375668859
263ef18f-35a9-3297-bf80-2c8e027d4d4e,横梁收费站(G25长深高速出口),道路附属设施;收费站;收费站,180200,六合区,"118.961727,32.315448",[],320000,江苏省,25,南京市,320116,六合区,4818377622,410,江北新区,2023-04-27 13:44:00,"{'rating': [], 'cost': []}",道路附属设施,收费站,收费站,,118.961727,32.315448,118.95658278961253,32.31762672166212
40241baf-2d05-3991-8f64-9d643087fbbe,龙袍收费站(G25长深高速入口),道路附属设施;收费站;收费站,180200,六合区,"118.969394,32.240763",[],320000,江苏省,25,南京市,320116,六合区,4818278721,1723,江北新区,2023-04-19 12:20:00,"{'rating': [], 'cost': []}",道路附属设施,收费站,收费站,,118.969394,32.240763,118.9642328253754,32.24291695638068
e6a11669-ad80-37d5-b9d1-83e674ecd621,湖熟收费站(G25长深高速出口),道路附属设施;收费站;收费站,180200,江宁区,"118.966468,31.860451",[],320000,江苏省,25,南京市,320115,江宁区,4718673700,309,[],2023-03-20 11:24:00,"{'rating': [], 'cost': []}",道路附属设施,收费站,收费站,,118.966468,31.860451,118.96135106425965,31.862536788712283
922bc3c1-0b34-3493-8cfa-e541cb5febd4,东屏收费站(G4221沪武高速出口),道路附属设施;收费站;收费站,180200,溧水区,"119.092132,31.702172",[],320000,江苏省,25,南京市,320117,溧水区,4719404701,520,[],2023-03-29 08:51:00,"{'rating': [], 'cost': []}",道路附属设施,收费站,收费站,,119.092132,31.702172,119.08668827970202,31.703951874736408
61170771-6a69-35f5-b2d3-4eada45e03b0,浦口收费站(G40沪陕高速出口永宁方向),道路附属设施;收费站;收费站,180200,浦口区,"118.575871,32.120696",[],320000,江苏省,25,南京市,320111,浦口区,4818144610,481,江北新区,2023-05-18 11:49:00,"{'rating': [], 'cost': []}",道路附属设施,收费站,收费站,,118.575871,32.120696,118.57084086139594,32.12292318981936
7e1558bf-3b89-3b06-8ba3-8232e6f5f277,六合南收费站(G40沪陕高速入口南向),道路附属设施;收费站;收费站,180200,六合区,"118.731835,32.263593",[],320000,江苏省,25,南京市,320116,六合区,4818351811,279,江北新区,2023-03-16 11:20:00,"{'rating': [], 'cost': []}",道路附属设施,收费站,收费站,,118.731835,32.263593,118.72659837728048,32.26567053205343
d35f1628-4bb8-31bc-845e-ce8544a63885,横梁收费站(G25长深高速入口),道路附属设施;收费站;收费站,180200,六合区,"118.961401,32.315448",[],320000,江苏省,25,南京市,320116,六合区,4818377622,436,江北新区,2023-05-01 15:36:00,"{'rating': [], 'cost': []}",道路附属设施,收费站,收费站,,118.961401,32.315448,118.95625776293362,32.317627519224814
36bbfb1d-a354-3abe-a323-4e88772d9388,金牛湖北收费站(G25长深高速入口),道路附属设施;收费站;收费站,180200,六合区,"118.884840,32.397824",[],320000,江苏省,25,南京市,320116,六合区,4818477022,407,江北新区,2023-04-26 12:49:00,"{'rating': [], 'cost': []}",道路附属设施,收费站,收费站,,118.88484,32.397824,118.87978105081916,32.40007311456808
d941d03a-f40e-3c9f-b874-523eab71c452,新篁收费站(G25长深高速出口),道路附属设施;收费站;收费站,180200,六合区,"118.937844,32.370696",[],320000,江苏省,25,南京市,320116,六合区,4818474510,560,江北新区,2023-04-25 13:20:00,"{'rating': [], 'cost': []}",道路附属设施,收费站,收费站,,118.937844,32.370696,118.93275479089785,32.37292343331426
72e018b7-f823-3360-8cd0-4e95c9b1638b,高淳新区收费站(S68溧芜高速入口),道路附属设施;收费站;收费站,180200,高淳区,"118.933995,31.382522",[],320000,江苏省,25,南京市,320118,高淳区,4718075422,329,[],2022-11-30 10:38:00,"{'rating': [], 'cost': []}",道路附属设施,收费站,收费站,,118.933995,31.382522,118.92900227814977,31.38468327050339
b74b151a-fc3f-3202-8eb3-a1612ef9890d,东屏收费站(G4221沪武高速入口),道路附属设施;收费站;收费站,180200,溧水区,"119.092302,31.702176",[],320000,江苏省,25,南京市,320117,溧水区,4719404701,505,[],2022-11-30 12:52:00,"{'rating': [], 'cost': []}",道路附属设施,收费站,收费站,,119.092302,31.702176,119.08685821608316,31.70395582921018
b157a884-9147-3568-a4cf-2d1f9f40a556,溧水开发区收费站(S55宁宣高速入口),道路附属设施;收费站;收费站,180200,溧水区,"119.013597,31.675496",[],320000,江苏省,25,南京市,320117,溧水区,4719401100,408,[],2023-03-30 15:23:00,"{'rating': [], 'cost': []}",道路附属设施,收费站,收费站,,119.013597,31.675496,119.0083312183685,31.67741886990117
768560eb-51a7-3439-8f4c-82093521abaa,溧水东收费站(G25长深高速入口),道路附属设施;收费站;收费站,180200,溧水区,"119.071530,31.670745",[],320000,江苏省,25,南京市,320117,溧水区,4719400512,358,[],2023-05-21 00:23:00,"{'rating': [], 'cost': []}",道路附属设施,收费站,收费站,,119.07153,31.670745,119.066108276401,31.67253795051794
225d98cb-98a6-3bae-b8d5-c643ea36fcba,竹镇收费站(G25长深高速入口),道路附属设施;收费站;收费站,180200,六合区,"118.721874,32.530849",[],320000,江苏省,25,南京市,320116,六合区,4818653722,321,江北新区,2023-04-29 13:08:00,"{'rating': [], 'cost': []}",道路附属设施,收费站,收费站,,118.721874,32.530849,118.71662266783667,32.53291535792951
a820607f-a672-3c16-add6-5d4aebecd0cf,禄口南收费站(G4221沪武高速入口),道路附属设施;收费站;收费站,180200,江宁区,"118.903477,31.690514",[],320000,江苏省,25,南京市,320115,江宁区,4718472220,452,[],2023-05-02 13:13:00,"{'rating': [], 'cost': []}",道路附属设施,收费站,收费站,,118.903477,31.690514,118.89848715619644,31.69266533435309
4165997c-7069-348a-86d3-73cee8eb17bb,龙池服务区,道路附属设施;服务区;高速服务区,180300,六合区,"118.819898,32.302658",[],320000,江苏省,25,南京市,320116,六合区,4818366501,257,江北新区,2023-05-23 08:45:00,"{'rating': [], 'cost': []}",道路附属设施,服务区,高速服务区,,118.819898,32.302658,118.8147368841018,32.30480915811571
4f59fc57-b2e5-3622-a3d3-23368ccdddd9,老山服务区,道路附属设施;服务区;高速服务区,180300,浦口区,"118.564792,32.112781",[],320000,江苏省,25,南京市,320111,浦口区,4818143510,1791,江北新区,2023-05-04 13:36:00,"{'rating': [], 'cost': []}",道路附属设施,服务区,高速服务区,,118.564792,32.112781,118.55974533344995,32.11499315417851
83419b65-ff1c-3346-8911-866df8345060,服务区,道路附属设施;道路附属设施;道路附属设施,180000,浦口大道出口与浦口大道交叉口西北80米,"118.667956,32.057341",[],320000,江苏省,25,南京市,320111,浦口区,4818056321,235,江北新区,2023-03-12 11:40:00,"{'rating': [], 'cost': []}",道路附属设施,道路附属设施,道路附属设施,,118.667956,32.057341,118.66285163337967,32.05948093448392
c8310c98-2e78-315d-a4de-19c4e7a4ce7c,栖霞山大桥服务区,道路附属设施;服务区;高速服务区,180300,六合区,"118.963650,32.223408",[],320000,江苏省,25,南京市,320116,六合区,4818276612,301,江北新区,2023-05-25 13:00:00,"{'rating': [], 'cost': []}",道路附属设施,服务区,高速服务区,,118.96365,32.223408,118.95850848689211,32.225574809763465
ea25d6ab-5050-3dc8-b360-caf4ac64884a,收费站(340省道西向),道路附属设施;收费站;收费站,180200,溧水区,"118.960642,31.714364",[],320000,江苏省,25,南京市,320117,溧水区,4718475622,1599,[],2023-05-04 12:45:00,"{'rating': [], 'cost': []}",道路附属设施,收费站,收费站,,118.960642,31.714364,118.9555560001696,31.71644202765484
e744e550-b2b8-3dce-9cb2-1d16aedb237c,大胜关大桥服务区,道路附属设施;服务区;高速服务区,180300,浦口区,"118.608435,31.985345",[],320000,江苏省,25,南京市,320111,浦口区,4718748802,693,江北新区,2023-05-26 09:33:00,"{'rating': [], 'cost': []}",道路附属设施,服务区,高速服务区,,118.608435,31.985345,118.60342989588212,31.987550510689864
360e716e-9279-3c32-9481-ea2911d98b32,六合区朝天街,道路附属设施;警示信息;违章停车,180104,六合区,"118.834370,32.336971",[],320000,江苏省,25,南京市,320116,六合区,4818460612,177,江北新区,2023-04-25 16:31:00,"{'rating': '3.7', 'cost': []}",道路附属设施,警示信息,违章停车,,118.83437,32.336971,118.82923652637608,32.33915014138204
6b4c3945-dea9-3180-9c48-463c5d8456ac,鸵鸟园服务区,道路附属设施;道路附属设施;道路附属设施,180000,溧水区,"118.990160,31.644867",[],320000,江苏省,25,南京市,320117,溧水区,4718377910,1982,[],2022-09-28 13:23:00,"{'rating': [], 'cost': []}",道路附属设施,道路附属设施,道路附属设施,,118.99016,31.644867,118.98498196209609,31.6468593698709
6e4c04d5-8c98-3de0-b24b-4be679ed08c1,固城收费站(S55宁宣高速入口),道路附属设施;收费站;收费站,180200,高淳区,"118.996900,31.315702",[],320000,江苏省,25,南京市,320118,高淳区,4618777922,257,[],2023-05-25 16:21:00,"{'rating': [], 'cost': []}",道路附属设施,收费站,收费站,,118.9969,31.315702,118.99172745179074,31.3177317714654
f5d1b325-370e-315d-a067-0b87f72543c6,固城收费站(S55宁宣高速出口),道路附属设施;收费站;收费站,180200,高淳区,"118.996932,31.315962",[],320000,江苏省,25,南京市,320118,高淳区,4618777922,280,[],2023-05-25 15:50:00,"{'rating': [], 'cost': []}",道路附属设施,收费站,收费站,,118.996932,31.315962,118.99175931210632,31.31799157727757
7e8d80c9-3dff-3945-ab16-bcaeeb32a1c9,高淳收费站(S68溧芜高速出口),道路附属设施;收费站;收费站,180200,高淳区,"118.878552,31.348726",[],320000,江苏省,25,南京市,320118,高淳区,4718071020,240,[],2023-05-25 17:09:00,"{'rating': [], 'cost': []}",道路附属设施,收费站,收费站,,118.878552,31.348726,118.8735820405051,31.35091009326156
5d3b1e74-4d8b-3aa3-9962-451f7d8c1943,高淳收费站(S68溧芜高速入口),道路附属设施;收费站;收费站,180200,高淳区,"118.878609,31.348595",[],320000,江苏省,25,南京市,320118,高淳区,4718071020,229,[],2023-05-25 15:45:00,"{'rating': [], 'cost': []}",道路附属设施,收费站,收费站,,118.878609,31.348595,118.87363910828952,31.35077919033348
e4c505c5-e8fc-36b2-bc5a-5f585a2738ad,和凤收费站(S55宁宣高速出口),道路附属设施;收费站;收费站,180200,溧水区,"118.985781,31.393180",[],320000,江苏省,25,南京市,320117,溧水区,4718077802,318,[],2023-05-19 11:54:00,"{'rating': [], 'cost': []}",道路附属设施,收费站,收费站,,118.985781,31.39318,118.98064145052058,31.39521762766304
f4596e21-12b7-3226-957c-f831625c544b,和凤收费站(S55宁宣高速入口),道路附属设施;收费站;收费站,180200,溧水区,"118.985840,31.392997",[],320000,江苏省,25,南京市,320117,溧水区,4718077802,298,[],2023-05-19 11:41:00,"{'rating': [], 'cost': []}",道路附属设施,收费站,收费站,,118.98584,31.392997,118.98070025796234,31.395034505323537
b08d7cb7-4abe-3746-8f18-603f7d49d31d,桠溪收费站(S68溧芜高速出口),道路附属设施;收费站;收费站,180200,高淳区,"119.135669,31.395778",[],320000,江苏省,25,南京市,320118,高淳区,4719017012,516,[],2022-11-30 12:16:00,"{'rating': [], 'cost': []}",道路附属设施,收费站,收费站,,119.135669,31.395778,119.1302835381306,31.39761319958818
4dc58118-c5e3-3656-af03-d38bfb81abdc,桠溪收费站(S68溧芜高速入口),道路附属设施;收费站;收费站,180200,高淳区,"119.135753,31.395631",[],320000,江苏省,25,南京市,320118,高淳区,4719017012,526,[],2022-11-30 12:01:00,"{'rating': [], 'cost': []}",道路附属设施,收费站,收费站,,119.135753,31.395631,119.13036768476393,31.39746635672712
a8ebf31c-3bc1-3a6e-8965-0be8bb3a00ae,沙塘收费站(S55宁宣高速出口),道路附属设施;收费站;收费站,180200,溧水区,"119.000204,31.441240",[],320000,江苏省,25,南京市,320117,溧水区,4719102020,210,[],2022-11-30 12:00:00,"{'rating': [], 'cost': []}",道路附属设施,收费站,收费站,,119.000204,31.44124,118.9950080574692,31.443222003584307
0f501481-62ac-3149-9b2c-400316373c77,苏S341石湫收费站(341省道东向),道路附属设施;收费站;收费站,180200,溧水区,"118.874071,31.556666",[],320000,江苏省,25,南京市,320117,溧水区,4718266922,356,[],2023-05-03 13:25:00,"{'rating': [], 'cost': []}",道路附属设施,收费站,收费站,,118.874071,31.556666,118.8690777860906,31.55880202787372
acfb9e48-f1a6-3b31-a336-eb73c3bd9360,皖S445博望收费站(博望大道西向),道路附属设施;收费站;收费站,180200,溧水区,"118.874009,31.557015",[],320000,江苏省,25,南京市,320117,溧水区,4718266922,377,[],2023-04-12 12:21:00,"{'rating': [], 'cost': []}",道路附属设施,收费站,收费站,,118.874009,31.557015,118.8690156824266,31.559150932677525
1428644a-521d-310e-96f7-4b873a579955,石臼湖服务区,道路附属设施;服务区;高速服务区,180300,溧水区,"118.979176,31.522079",[],320000,江苏省,25,南京市,320117,溧水区,4718272811,619,[],2023-05-24 14:14:00,"{'rating': [], 'cost': []}",道路附属设施,服务区,高速服务区,,118.979176,31.522079,118.9740478896583,31.524109581759603
7e666942-e1a0-39f7-8eda-4dcfdf13078e,石臼湖服务区,道路附属设施;服务区;高速服务区,180300,溧水区,"118.977272,31.519277",[],320000,江苏省,25,南京市,320117,溧水区,4718272810,262,[],2023-05-26 08:52:00,"{'rating': [], 'cost': []}",道路附属设施,服务区,高速服务区,,118.977272,31.519277,118.97215065297034,31.521313342321896
bb3babb3-fb2c-362f-a46e-5541d89c9c51,天生桥收费站(S55宁宣高速出口),道路附属设施;收费站;收费站,180200,溧水区,"119.011384,31.638901",[],320000,江苏省,25,南京市,320117,溧水区,4719306022,219,[],2023-05-25 16:29:00,"{'rating': [], 'cost': []}",道路附属设施,收费站,收费站,,119.011384,31.638901,119.00612948999768,31.64082912479349
a218c2ad-2bb6-315b-9765-115b8b06aca8,天生桥收费站(S55宁宣高速入口),道路附属设施;收费站;收费站,180200,溧水区,"119.011688,31.638955",[],320000,江苏省,25,南京市,320117,溧水区,4719306022,247,[],2023-05-25 15:45:00,"{'rating': [], 'cost': []}",道路附属设施,收费站,收费站,,119.011688,31.638955,119.00643239679552,31.64088221913474
af039355-6f9f-370e-9e06-60570d627f40,东庐山观景台(建设中),道路附属设施;服务区;高速服务区,180300,溧水区,"119.122398,31.625042",[],320000,江苏省,25,南京市,320117,溧水区,4719305902,361,[],2023-05-25 14:24:00,"{'rating': [], 'cost': []}",道路附属设施,服务区,高速服务区,,119.122398,31.625042,119.11697323498436,31.626829794311245
59d7c38d-bdc5-3fa4-8834-689b27d03b4d,横溪收费站(G4221沪武高速入口),道路附属设施;收费站;收费站,180200,江宁区,"118.749825,31.682449",[],320000,江苏省,25,南京市,320115,江宁区,4718451922,394,[],2023-05-25 15:50:00,"{'rating': [], 'cost': []}",道路附属设施,收费站,收费站,,118.749825,31.682449,118.74463384998384,31.68441705747045
2c73a9c1-c09c-30f2-8814-9d6af4865a5e,横溪收费站(G4221沪武高速出口),道路附属设施;收费站;收费站,180200,江宁区,"118.749991,31.682580",[],320000,江苏省,25,南京市,320115,江宁区,4718451922,412,[],2023-05-25 17:09:00,"{'rating': [], 'cost': []}",道路附属设施,收费站,收费站,,118.749991,31.68258,118.74479982847514,31.68454806261424
2b38b768-e2c5-3a8e-ac31-150ceb411b82,将军大道收费站(G4221沪武高速出口),道路附属设施;收费站;收费站,180200,江宁区,"118.819896,31.690453",[],320000,江苏省,25,南京市,320115,江宁区,4718462521,368,[],2023-05-25 15:37:00,"{'rating': [], 'cost': []}",道路附属设施,收费站,收费站,,118.819896,31.690453,118.81479089319376,31.692499225289968
0567fd82-09c8-3378-b905-4d0c8836d707,将军大道收费站(G4221沪武高速入口),道路附属设施;收费站;收费站,180200,江宁区,"118.819880,31.690652",[],320000,江苏省,25,南京市,320115,江宁区,4718462521,354,[],2023-05-25 17:00:00,"{'rating': [], 'cost': []}",道路附属设施,收费站,收费站,,118.81988,31.690652,118.81477484166264,31.69269820972197
b80e27fa-ed9a-3f0f-bb45-1e14275cf27e,南京南收费站(S55宁宣高速西北向),道路附属设施;收费站;收费站,180200,溧水区,"118.976417,31.706929",[],320000,江苏省,25,南京市,320117,溧水区,4718474820,262,[],2023-05-25 14:31:00,"{'rating': [], 'cost': []}",道路附属设施,收费站,收费站,,118.976417,31.706929,118.97128154712576,31.708964892996985
6ba2cb6f-16dc-34c1-9a0e-18be3ed51ee0,溧水开发区东收费站(G4221沪武高速出口),道路附属设施;收费站;收费站,180200,溧水区,"119.018918,31.706332",[],320000,江苏省,25,南京市,320117,溧水区,4719404121,314,[],2023-04-10 12:07:00,"{'rating': [], 'cost': []}",道路附属设施,收费站,收费站,,119.018918,31.706332,119.01363065956284,31.708241492501987
8e1c153c-3497-30bc-9cb7-a120e2262dd7,溧水开发区东收费站(G4221沪武高速入口),道路附属设施;收费站;收费站,180200,溧水区,"119.018937,31.706186",[],320000,江苏省,25,南京市,320117,溧水区,4719404121,299,[],2023-04-24 13:53:00,"{'rating': [], 'cost': []}",道路附属设施,收费站,收费站,,119.018937,31.706186,119.01364960712505,31.70809542498464
7446d5a2-7632-3523-8991-0698ae51dc90,禄口收费站(S55宁宣高速出口禄口方向),道路附属设施;收费站;收费站,180200,江宁区,"118.858815,31.784716",[],320000,江苏省,25,南京市,320115,江宁区,4718564802,346,[],2023-05-07 11:56:00,"{'rating': [], 'cost': []}",道路附属设施,收费站,收费站,,118.858815,31.784716,118.85377939974984,31.786842498759096
37442eca-b8fa-3fb7-86bb-31788fdbbf35,南京机场高速收费站(S55宁宣高速东南向),道路附属设施;收费站;收费站,180200,江宁区,"118.890060,31.762503",[],320000,江苏省,25,南京市,320115,江宁区,4718571110,238,[],2023-04-27 12:21:00,"{'rating': [], 'cost': []}",道路附属设施,收费站,收费站,,118.89006,31.762503,118.88506176840194,31.76465905999303
1875314b-0e8b-3cac-9ef9-d18414912760,牛首山谷里收费站(G2503南京绕城高速出口),道路附属设施;收费站;收费站,180200,江宁区,"118.719870,31.903389",[],320000,江苏省,25,南京市,320115,江宁区,4718658711,420,[],2023-05-05 12:33:00,"{'rating': [], 'cost': []}",道路附属设施,收费站,收费站,,118.71987,31.903389,118.71467949883396,31.905408150461348
58da264c-2a01-370a-af41-1a48fd38821f,牛首山谷里收费站(G2503南京绕城高速入口),道路附属设施;收费站;收费站,180200,江宁区,"118.719941,31.903500",[],320000,江苏省,25,南京市,320115,江宁区,4718658711,420,[],2023-05-05 13:43:00,"{'rating': [], 'cost': []}",道路附属设施,收费站,收费站,,118.719941,31.9035,118.7147503968576,31.905519097173208
4922b9ae-0393-333d-8f67-f3c2c3a6e61f,殷巷收费站(G2503南京绕城高速出口),道路附属设施;收费站;收费站,180200,江宁区,"118.827921,31.874994",[],320000,江苏省,25,南京市,320115,江宁区,4718664620,1695,[],2023-05-25 17:01:00,"{'rating': [], 'cost': []}",道路附属设施,收费站,收费站,,118.827921,31.874994,118.82281615176436,31.877082578244213
e2ba8067-4b34-379b-891d-3540f8433e78,殷巷收费站(G2503南京绕城高速入口),道路附属设施;收费站;收费站,180200,江宁区,"118.827911,31.875151",[],320000,江苏省,25,南京市,320115,江宁区,4718665600,1702,[],2023-05-25 16:29:00,"{'rating': [], 'cost': []}",道路附属设施,收费站,收费站,,118.827911,31.875151,118.82280611621913,31.87723959193488
b090a8cc-28f4-3080-9fc9-7404198cbcec,南庄收费站(G2503南京绕城高速出口),道路附属设施;收费站;收费站,180200,江宁区,"118.807497,31.870941",[],320000,江苏省,25,南京市,320115,江宁区,4718664411,471,[],2023-05-25 17:01:00,"{'rating': [], 'cost': []}",道路附属设施,收费站,收费站,,118.807497,31.870941,118.80235029920456,31.872991396452274
290e7604-ba78-3001-89ba-da26ce911fca,南庄收费站(S55宁宣高速出口),道路附属设施;收费站;收费站,180200,江宁区,"118.807661,31.871297",[],320000,江苏省,25,南京市,320115,江宁区,4718664411,482,[],2023-05-25 15:45:00,"{'rating': [], 'cost': []}",道路附属设施,收费站,收费站,,118.807661,31.871297,118.80251458602052,31.873347751983665
3fde47fc-ee79-3017-bfcf-ad546c058b1b,东善桥收费站(G2503南京绕城高速出口),道路附属设施;收费站;收费站,180200,江宁区,"118.767503,31.875275",[],320000,江苏省,25,南京市,320115,江宁区,4718665101,133,东善桥,2023-05-25 16:21:00,"{'rating': [], 'cost': []}",道路附属设施,收费站,收费站,,118.767503,31.875275,118.76229988204032,31.87727645778396
67a65423-4b38-3fef-a3f5-e9520665d859,东善桥收费站(G2503南京绕城高速入口),道路附属设施;收费站;收费站,180200,江宁区,"118.767637,31.875364",[],320000,江苏省,25,南京市,320115,江宁区,4718665101,142,东善桥,2023-05-25 15:45:00,"{'rating': [], 'cost': []}",道路附属设施,收费站,收费站,,118.767637,31.875364,118.7624339677314,31.877365561772425
55a54b1a-eb8e-34a3-ad22-5c7a42c606d2,南京板桥汽渡收费站(绕城公路东南向),道路附属设施;收费站;收费站,180200,浦口区,"118.607969,31.945554",[],320000,江苏省,25,南京市,320111,浦口区,4718743811,478,江北新区,2023-05-25 03:47:00,"{'rating': [], 'cost': []}",道路附属设施,收费站,收费站,,118.607969,31.945554,118.60296767437552,31.94775055460859
72d3b972-4e19-3b9e-91df-249da8fc3605,收费站(G42沪蓉高速西北向),道路附属设施;收费站;收费站,180200,浦口区,"118.604490,31.986790",[],320000,江苏省,25,南京市,320111,浦口区,4718748811,330,江北新区,2023-05-25 03:46:00,"{'rating': [], 'cost': []}",道路附属设施,收费站,收费站,,118.60449,31.98679,118.59948616916104,31.98899734346333
d5e3eba1-386b-37f4-a333-00724dd796ef,收费站(G42沪蓉高速东南向),道路附属设施;收费站;收费站,180200,浦口区,"118.604085,31.986224",[],320000,江苏省,25,南京市,320111,浦口区,4718748810,375,江北新区,2023-05-25 03:43:00,"{'rating': [], 'cost': []}",道路附属设施,收费站,收费站,,118.604085,31.986224,118.59908131984234,31.988431329362363
26acaa0d-1a0a-38db-8c11-4784c6a75f0c,刘村A收费站(G42沪蓉高速出口芜湖方向),道路附属设施;收费站;收费站,180200,雨花台区,"118.672064,31.944995",[],320000,江苏省,25,南京市,320114,雨花台区,4718753312,311,[],2023-05-26 15:51:00,"{'rating': [], 'cost': []}",道路附属设施,收费站,收费站,,118.672064,31.944995,118.6669607553937,31.94710136599293
c3beb57d-60f2-3005-b213-ff3d26e84937,刘村B收费站(G42沪蓉高速入口西北向),道路附属设施;收费站;收费站,180200,雨花台区,"118.674997,31.944263",[],320000,江苏省,25,南京市,320114,雨花台区,4718753302,599,[],2023-05-26 16:23:00,"{'rating': [], 'cost': []}",道路附属设施,收费站,收费站,,118.674997,31.944263,118.66988731439842,31.94636358643814
3e4f888e-8ff1-3217-aad9-10fa4ba31012,西善桥收费站(G42沪蓉高速出口),道路附属设施;收费站;收费站,180200,雨花台区,"118.682173,31.934146",[],320000,江苏省,25,南京市,320114,雨花台区,4718752401,1785,[],2023-05-25 17:10:00,"{'rating': [], 'cost': []}",道路附属设施,收费站,收费站,,118.682173,31.934146,118.67704843332564,31.93623068566622
601dab65-52b3-3741-ad2d-5f344ccc09f1,西善桥收费站(G2503南京绕城高速出口),道路附属设施;收费站;收费站,180200,雨花台区,"118.682065,31.934308",[],320000,江苏省,25,南京市,320114,雨花台区,4718752401,1765,[],2023-05-25 17:10:00,"{'rating': [], 'cost': []}",道路附属设施,收费站,收费站,,118.682065,31.934308,118.6769406539706,31.936392924693028
9db4bfe7-70f9-3f4d-ab53-9a10c26b9aff,天后村收费站(G42沪蓉高速入口),道路附属设施;收费站;收费站,180200,雨花台区,"118.658967,31.955460",[],320000,江苏省,25,南京市,320114,雨花台区,4718754212,1448,[],2023-05-25 15:50:00,"{'rating': [], 'cost': []}",道路附属设施,收费站,收费站,,118.658967,31.95546,118.65389146049576,31.957593558921204
aedf08e6-b18b-3c13-b426-ff0f5b60d4fc,天后村收费站(G42沪蓉高速出口),道路附属设施;收费站;收费站,180200,雨花台区,"118.659005,31.955523",[],320000,江苏省,25,南京市,320114,雨花台区,4718754212,1451,[],2023-05-25 16:21:00,"{'rating': [], 'cost': []}",道路附属设施,收费站,收费站,,118.659005,31.955523,118.6539293738298,31.957656503106747
c9078f0a-78e9-3bfb-8c7f-d7f92c271f9c,科学园B收费站(G2503南京绕城高速入口),道路附属设施;收费站;收费站,180200,江宁区,"118.871734,31.928251",[],320000,江苏省,25,南京市,320115,江宁区,4718761912,1815,[],2023-05-26 16:28:00,"{'rating': [], 'cost': []}",道路附属设施,收费站,收费站,,118.871734,31.928251,118.86670465017308,31.93042295888684
8126ba94-78e9-3171-8917-4ffaab4fb1e5,宁杭高速南京收费站(S87南京支线东南向),道路附属设施;收费站;收费站,180200,江宁区,"118.872664,31.965278",[],320000,江苏省,25,南京市,320115,江宁区,4718765922,523,[],2023-05-25 03:42:00,"{'rating': [], 'cost': []}",道路附属设施,收费站,收费站,,118.872664,31.965278,118.86763246556217,31.96745946462176
01b2c809-eb73-373c-ae27-5bfa4b216df9,宁杭高速南京收费站(S87南京支线西北向),道路附属设施;收费站;收费站,180200,江宁区,"118.873023,31.965439",[],320000,江苏省,25,南京市,320115,江宁区,4718765922,484,[],2023-05-25 03:42:00,"{'rating': [], 'cost': []}",道路附属设施,收费站,收费站,,118.873023,31.965439,118.86799188981324,31.96762090522449
7aa2f3d1-58e9-3b02-ad78-e34bae908a6e,科学园B收费站(G2503南京绕城高速出口),道路附属设施;收费站;收费站,180200,江宁区,"118.871913,31.928264",[],320000,江苏省,25,南京市,320115,江宁区,4718761912,1821,[],2023-05-26 17:12:00,"{'rating': [], 'cost': []}",道路附属设施,收费站,收费站,,118.871913,31.928264,118.86688387462252,31.93043616886253
9a496faf-8112-357c-b6a1-b4df582d7b85,科学园A收费站(G2503南京绕城高速出口江宁高新园方向),道路附属设施;收费站;收费站,180200,江宁区,"118.867106,31.915271",[],320000,江苏省,25,南京市,320115,江宁区,4718669921,308,[],2023-05-26 15:50:00,"{'rating': [], 'cost': []}",道路附属设施,收费站,收费站,,118.867106,31.915271,118.86207158342312,31.917434366892543
68b0994f-b52b-357f-a92a-db3632f2b20a,科学园A收费站(G2503南京绕城高速入口东北向),道路附属设施;收费站;收费站,180200,江宁区,"118.867018,31.915325",[],320000,江苏省,25,南京市,320115,江宁区,4718669921,313,[],2023-05-26 16:26:00,"{'rating': [], 'cost': []}",道路附属设施,收费站,收费站,,118.867018,31.915325,118.8619834526159,31.917488264338235
11672240-14df-38bb-b237-b6fa0d3b11d0,汤泉服务区,道路附属设施;服务区;高速服务区,180300,浦口区,"118.490659,32.042627",[],320000,江苏省,25,南京市,320111,浦口区,4818035900,1328,江北新区,2023-05-26 08:52:00,"{'rating': [], 'cost': []}",道路附属设施,服务区,高速服务区,,118.490659,32.042627,118.48538564668728,32.04463661197526
cd013565-3092-356f-9abf-b09daccb5745,汤泉服务区,道路附属设施;服务区;高速服务区,180300,浦口区,"118.490947,32.044411",[],320000,江苏省,25,南京市,320111,浦口区,4818035901,1379,江北新区,2023-05-25 08:39:00,"{'rating': [], 'cost': []}",道路附属设施,服务区,高速服务区,,118.490947,32.044411,118.48567454727916,32.04642186894925
e558d786-4643-3a7e-8e5f-3f71a62e0bc8,江南服务区,道路附属设施;服务区;高速服务区,180300,栖霞区,"118.893838,32.039865",[],320000,江苏省,25,南京市,320113,栖霞区,4818074121,510,马群,2023-05-26 03:32:00,"{'rating': [], 'cost': []}",道路附属设施,服务区,高速服务区,,118.893838,32.039865,118.88881626330624,32.04207947631326
63e73db3-7b66-3e3e-beda-78c14af5e871,南京收费站(G42沪蓉高速东向),道路附属设施;收费站;收费站,180200,栖霞区,"118.911483,32.063102",[],320000,江苏省,25,南京市,320113,栖霞区,4818077212,266,[],2023-05-25 03:37:00,"{'rating': [], 'cost': []}",道路附属设施,收费站,收费站,,118.911483,32.063102,118.9064564160552,32.06532085020138
38c1a60e-1319-35a4-af19-5b2dc2fce5a6,南京收费站(G42沪蓉高速西向),道路附属设施;收费站;收费站,180200,栖霞区,"118.911428,32.063398",[],320000,江苏省,25,南京市,320113,栖霞区,4818077212,296,[],2023-05-25 08:58:00,"{'rating': [], 'cost': []}",道路附属设施,收费站,收费站,,118.911428,32.063398,118.90640142303202,32.06561693901233
f08653e3-fa4f-3aa5-a32f-ee609a6b5d5f,开城路收费站(G25长深高速出口),道路附属设施;收费站;收费站,180200,江宁区,"118.933165,32.043149",[],320000,江苏省,25,南京市,320115,江宁区,4818075401,150,[],2023-05-25 17:01:00,"{'rating': [], 'cost': []}",道路附属设施,收费站,收费站,,118.933165,32.043149,118.92811448565578,32.04534342969983
ec3fb204-e89c-3c1e-95eb-3064a4c61fb2,开城路收费站(G25长深高速入口),道路附属设施;收费站;收费站,180200,江宁区,"118.933090,32.042992",[],320000,江苏省,25,南京市,320115,江宁区,4818075401,163,[],2023-05-25 16:21:00,"{'rating': [], 'cost': []}",道路附属设施,收费站,收费站,,118.93309,32.042992,118.928039630856,32.045186499239584
fbb28516-5adf-3122-b0d6-ff81657169a4,阳山园博园收费站(G42沪蓉高速入口),道路附属设施;收费站;收费站,180200,江宁区,"118.989961,32.063232",[],320000,江苏省,25,南京市,320115,江宁区,4818077910,356,[],2023-05-25 15:50:00,"{'rating': [], 'cost': []}",道路附属设施,收费站,收费站,,118.989961,32.063232,118.98474519164844,32.065296704251494
5830b3bd-6750-3e81-b8a6-06e098b8fcac,阳山园博园收费站(G42沪蓉高速出口),道路附属设施;收费站;收费站,180200,江宁区,"118.990193,32.063025",[],320000,江苏省,25,南京市,320115,江宁区,4818077910,355,[],2023-05-25 17:10:00,"{'rating': [], 'cost': []}",道路附属设施,收费站,收费站,,118.990193,32.063025,118.98497637125443,32.065088963668416
23434846-1eba-30c7-9e01-c55dc5c9b3c2,汤山收费站(G42沪蓉高速入口),道路附属设施;收费站;收费站,180200,G42沪蓉高速入口与G42沪蓉高速交叉口北260米,"119.067843,32.064054",[],320000,江苏省,25,南京市,320115,江宁区,4819007521,418,[],2023-05-05 18:28:00,"{'rating': [], 'cost': []}",道路附属设施,收费站,收费站,,119.067843,32.064054,119.0623897955136,32.065922603872664
3f9412c1-d417-35c1-ac02-73b047ea2d61,汤山收费站(G42沪蓉高速出口),道路附属设施;收费站;收费站,180200,江宁区,"119.068087,32.064332",[],320000,江苏省,25,南京市,320115,江宁区,4819007521,419,[],2023-04-22 11:33:00,"{'rating': [], 'cost': []}",道路附属设施,收费站,收费站,,119.068087,32.064332,119.06263336467062,32.06620033514473
c0938553-3d94-37a5-884e-9de8cffbb6d6,浦口收费站(G40沪陕高速入口西南向),道路附属设施;收费站;收费站,180200,浦口区,"118.575968,32.120780",[],320000,江苏省,25,南京市,320111,浦口区,4818144610,471,江北新区,2023-05-25 16:57:00,"{'rating': [], 'cost': []}",道路附属设施,收费站,收费站,,118.575968,32.12078,118.5709379763047,32.123007300440875
a24b491f-162f-33c4-a1b6-59abccc8f127,南京二桥收费站(G36宁洛高速西北向),道路附属设施;收费站;收费站,180200,栖霞区,"118.852815,32.137661",[],320000,江苏省,25,南京市,320113,栖霞区,4818166810,261,[],2023-05-20 17:20:00,"{'rating': [], 'cost': []}",道路附属设施,收费站,收费站,,118.852815,32.137661,118.8477368206577,32.13985203459394
407e9adb-6981-3546-ad52-271278b89c16,花旗营收费站(G40沪陕高速出口花旗营方向),道路附属设施;收费站;收费站,180200,浦口区,"118.648850,32.167650",[],320000,江苏省,25,南京市,320111,浦口区,4818250102,329,江北新区,2023-04-13 12:48:00,"{'rating': [], 'cost': []}",道路附属设施,收费站,收费站,,118.64885,32.16765,118.64377594506156,32.169846740403635
b806de41-5cba-3c65-852e-6e48b2a3e8b2,宁连主线收费站(G2503南京绕城高速北向),道路附属设施;收费站;收费站,180200,六合区,"118.748465,32.295053",[],320000,江苏省,25,南京市,320116,六合区,4818355912,1641,江北新区,2023-05-04 11:53:00,"{'rating': [], 'cost': []}",道路附属设施,收费站,收费站,,118.748465,32.295053,118.74321740949256,32.29712627188326
